<?xml version="1.0" encoding="UTF-8"?>
<project-private xmlns="http://www.netbeans.org/ns/project-private/1">
    <editor-bookmarks xmlns="http://www.netbeans.org/ns/editor-bookmarks/2" lastBookmarkId="0"/>
    <open-files xmlns="http://www.netbeans.org/ns/projectui-open-files/2">
        <group>
            <file>file:/C:/Users/lenovo/OneDrive/Belgeler/NetBeansProjects/JSFLoginAlbil/web/css_and_images/change.css</file>
            <file>file:/C:/Users/lenovo/OneDrive/Belgeler/NetBeansProjects/JSFLoginAlbil/src/java/loginJSF/loginScreen.java</file>
            <file>file:/C:/Users/lenovo/OneDrive/Belgeler/NetBeansProjects/JSFLoginAlbil/web/index.xhtml</file>
            <file>file:/C:/Users/lenovo/OneDrive/Belgeler/NetBeansProjects/JSFLoginAlbil/web/new.xhtml</file>
        </group>
    </open-files>
</project-private>
